BLOCK_ID,TIMESTAMP,SHA256,CID,TYPE,STATUS
001,2025-09-01T08:00Z,f9a1b2,QmX001,GENESIS,VERIFIED
002,2025-09-07T12:14Z,e8d2c3,QmX002,NFT_MINT,VERIFIED
003,2025-09-14T18:10Z,c1d4a5,QmX003,BACKUP,VERIFIED
004,2025-09-19T22:37Z,b2a3f6,QmX004,REPORT,VERIFIED
005,2025-09-24T09:55Z,d4e5f7,QmX005,ASSET_HASH,VERIFIED
006,2025-09-28T23:42Z,e5f6a8,QmX006,NFT_CHAIN,VERIFIED
007,2025-10-02T16:00Z,a7b8c9,QmX007,FLOW,VERIFIED
008,2025-10-07T11:37Z,b9c0d1,QmX008,METROPOLIS_EXPORT,VERIFIED
009,2025-10-13T19:24Z,b89ffa284e031f615465d85a6d4c66d07b1d0f966d10729eef5327f463bf6489,QmPDje5twZ3Ubet39bhNnyU3JbZjgj4qrgCMscj1yWf7P,FINANCE_REPORT,VERIFIED
